<?xml version="1.0" encoding="utf-8" ?>
<dwsync>
<file name="NewUser.php" server="C:/xampp/htdocs/InterAfricaRecords/" local="131431247312688725" remote="131431247310000000" Dst="0" />
<file name="DeleteUsers.php" server="C:/xampp/htdocs/InterAfricaRecords/" local="131435018576913855" remote="131435018570000000" Dst="0" />
<file name="HarareDepot.php" server="C:/xampp/htdocs/InterAfricaRecords/" local="131434776838698642" remote="131434776830000000" Dst="0" />
<file name="manageUsers.php" server="C:/xampp/htdocs/InterAfricaRecords/" local="131430083496796708" remote="131430083490000000" Dst="0" />
<file name="MasvingoDepot.php" server="C:/xampp/htdocs/InterAfricaRecords/" local="131439087135549280" remote="131439087130000000" Dst="0" />
<file name="adminPage.php" server="C:/xampp/htdocs/InterAfricaRecords/" local="131435028219280135" remote="131435028210000000" Dst="0" />
<file name="login.php" server="C:/xampp/htdocs/InterAfricaRecords/" local="131439000650548282" remote="131439000650000000" Dst="0" />
<file name="MutareDepot.php" server="C:/xampp/htdocs/InterAfricaRecords/" local="131434775819959067" remote="131434775810000000" Dst="0" />
<file name="adminLogin.php" server="C:/xampp/htdocs/InterAfricaRecords/" local="131435034096176233" remote="131435034090000000" Dst="0" />
<file name="HarareDiesel.php" server="C:/xampp/htdocs/InterAfricaRecords/" local="131438907561443663" remote="131438907560000000" Dst="0" />
<file name="masvingoDaily2.php" server="C:/xampp/htdocs/InterAfricaRecords/" local="131438994540262241" remote="131438994540000000" Dst="0" />
<file name="MasvingoDiesel.php" server="C:/xampp/htdocs/InterAfricaRecords/" local="131439058970000000" remote="131439058970000000" Dst="0" />
<file name="BulawayoDepot.php" server="C:/xampp/htdocs/InterAfricaRecords/" local="131435026366378622" remote="131435026360000000" Dst="0" />
<file name="BulawayoDiesel.php" server="C:/xampp/htdocs/InterAfricaRecords/" local="131439085300000000" remote="131439085300000000" Dst="0" />
<file name="RECORD TEMPLATE.php" server="C:/xampp/htdocs/InterAfricaRecords/" local="131430954228551938" remote="131430954220000000" Dst="0" />
<file name="mutareDaily.php" server="C:/xampp/htdocs/InterAfricaRecords/" local="131431217038138249" remote="131431217030000000" Dst="0" />
<file name="dailyRecords.php" server="C:/xampp/htdocs/InterAfricaRecords/" local="131426402140314164" remote="131426402140000000" Dst="0" />
</dwsync>